id,name,pred,type
Node_317,Vernon Dursley,0,Character
Node_318,Petunia Dursley,0,Character
Node_319,Dudley Dursley,0,Character
Node_720,Lily Potter,0,Character
Node_721,James Potter,0,Character
Node_290,Harry Potter,0,Character
Spec_100,Flying Ford Anglia,0,Magical Object
Node_294,Minerva McGonagall,0,Character
Pred_Spec_100,Flying Ford Anglia,1,Magical Object
Pred_Node_290,Harry Potter,1,Character
Pred_Node_318,Petunia Dursley,1,Character
Pred_Node_349,Hedwig,1,Character
Pred_Node_315,Mrs Norris,1,Character
Pred_Spec_220,Category:Prank devices,1,Magical Object
Pred_Spec_221,Category:Protective objects,1,Magical Object
Pred_Node_323,Albus Dumbledore,1,Character
Pred_Node_294,Minerva McGonagall,1,Character
Pred_Spec_52,Deluminator,1,Magical Object
Node_323,Albus Dumbledore,0,Character
Spec_312,Ageing Potion,0,Potion
Node_306,Lord Voldemort,0,Character
Node_325,Madam Pomfrey,0,Character
Node_298,Rubeus Hagrid,0,Character
Spec_16,Sirius Black's motorbike,0,Magical Object
Spec_52,Deluminator,0,Magical Object
Spec_74,Enchanted razor,0,Magical Object
Node_326,Mrs Figg,0,Character
Spec_37,Category:Chocolate Frog Cards,0,Magical Object
Node_330,Piers Polkiss,0,Character
Node_266,Cobra,0,Creature
Node_271,Python,0,Creature
Node_261,Boa Constrictor,0,Creature
Spec_414,Alohomora,0,Spell
Node_331,Dennis,0,Character
Node_332,Malcolm,0,Character
Node_333,Gordon,0,Character
Spec_364,Hair-Dyeing Potion,0,Potion
Spec_95,Floo powder,0,Magical Object
Spec_215,Category:Portkeys,0,Magical Object
Spec_127,Hagrid's Pink Umbrella,0,Magical Object
Spec_128,Rubeus Hagrid's moleskin overcoat,0,Magical Object
Spec_135,Hogwarts Express conductor's pocket watch,0,Magical Object
Node_349,Hedwig,0,Character
Spec_157,Leprechaun gold,0,Magical Object
Spec_111,Category:Goblin-made objects,0,Magical Object
Spec_208,Philosopher's Stone,0,Magical Object
Spec_2,Advertising blackboard,0,Magical Object
Spec_134,Hogwarts Express,0,Magical Object
Spec_22,Category:Broomsticks,0,Magical Object
Spec_29,Category:Cauldrons,0,Magical Object
Spec_217,Category:Potions,0,Magical Object
Spec_283,Category:Telescopes,0,Magical Object
Node_342,Tom,0,Character
Node_343,Doris Crockford,0,Character
Node_549,Dedalus Diggle,0,Character
Node_344,Quirinus Quirrel,0,Character
Pred_Spec_29,Category:Cauldrons,1,Magical Object
Pred_Node_65,Vampire,1,Creature
Pred_Node_43,Hag,1,Creature
Node_345,Griphook,0,Character
Spec_183,Mine Cart,0,Magical Object
Pred_Spec_208,Philosopher's Stone,1,Magical Object
Pred_Node_4,Basilisk,1,Creature
Node_346,Madam Malkin,0,Character
Pred_Node_293,Draco Malfoy,1,Character
Spec_223,Quick-Quotes Quill,0,Magical Object
Spec_40,Colour-Change Ink,0,Magical Object
Spec_173,Magical Measurer,0,Magical Object
Spec_114,Category:Golden Snitches,0,Magical Object
Spec_348,Garrick Ollivander,0,Potion
Spec_301,Wand Weigher,0,Magical Object
Spec_487,Wingardium Leviosa,0,Spell
Node_348,Garrick Ollivander,0,Character
Spec_175,Magical tape measure,0,Magical Object
Spec_39,Cloak of Invisibility,0,Magical Object
Node_354,Molly Weasley,0,Character
Node_292,Ron Weasley,0,Character
Node_356,Fred Weasley,0,Character
Node_357,George Weasley,0,Character
Node_355,Percy Weasley,0,Character
Node_301,Ginny Weasley,0,Character
Node_358,Lee Jordan,0,Character
Pred_Spec_277,Giant tarantula,1,Magical Object
Node_250,Albino Rat,0,Creature
Node_220,Barn owl,0,Creature
Spec_92,Nicolas Flamel's card,0,Magical Object
Spec_415,Bertie Bott's Every Flavor Beans,0,Spell
Node_350,Trevor,0,Character
Node_291,Hermione Granger,0,Character
Node_299,Neville Longbottom,0,Character
Node_360,Charlie Weasley,0,Character
Node_359,Bill Weasley,0,Character
Pred_Spec_222,Quaffle,1,Magical Object
Node_293,Draco Malfoy,0,Character
Node_311,Vincent Crabbe,0,Character
Node_313,Gregory Goyle,0,Character
Pred_Node_457,Peter Pettigrew,1,Character
Spec_133,Hogwarts boats,0,Magical Object
Spec_137,Hogwarts Pensieve,0,Magical Object
Node_361,Fat Friar,0,Character
Pred_Node_362,Peeves,1,Character
Pred_Node_383,Nearly Headless Nick,1,Character
Spec_118,Great Hall floating candles,0,Magical Object
Spec_460,Sorting Hat,0,Spell
Node_363,Hannah Abbott,0,Character
Node_364,Susan Bones,0,Character
Node_365,Terry Boot,0,Character
Node_366,Mandy Brocklehurst,0,Character
Node_367,Lavender Brown,0,Character
Node_368,Millicent Bulstrode,0,Character
Node_440,Salazar Slytherin,0,Character
Node_369,Justin Finch-Fletchley,0,Character
Node_439,Helga Hufflepuff,0,Character
Node_370,Seamus Finnigan,0,Character
Node_437,Godric Gryffindor,0,Character
Node_373,Morag MacDougal,0,Character
Node_383,Nearly Headless Nick,0,Character
Node_381,Lisa Turpin,0,Character
Node_382,Blaise Zabini,0,Character
Node_384,Bloody Baron,0,Character
Node_297,Severus Snape,0,Character
Node_316,Argus Filch,0,Character
Node_392,Madam Hooch,0,Character
Node_362,Peeves,0,Character
Spec_136,Hogwarts House animal-topped hat,0,Magical Object
Node_315,Mrs Norris,0,Character
Node_387,Pomona Sprout,0,Character
Spec_131,Herbologist Orb,0,Magical Object
Node_388,Cuthbert Binns,0,Character
Node_389,Emeric the Evil,0,Character
Node_390,Uric the Oddball,0,Character
Node_391,Filius Flitwick,0,Character
Spec_392,Polyjuice Potion,0,Potion
Spec_419,Avada Kedavra,0,Spell
Spec_337,Draught of Living Death,0,Potion
Node_403,Fang,0,Character
Spec_222,Quaffle,0,Magical Object
Spec_234,Remembrall,0,Magical Object
Node_378,Parvati Patil,0,Character
Node_393,Oliver Wood,0,Character
Node_81,Poltergeist,0,Creature
Pred_Spec_22,Category:Broomsticks,1,Magical Object
Pred_Node_384,Bloody Baron,1,Character
Pred_Node_311,Vincent Crabbe,1,Character
Node_386,Fat Lady,0,Character
Node_404,Fluffy,0,Character
Spec_18,Category:Bludgers,0,Magical Object
Node_63,Troll,0,Creature
Spec_172,Magical lock,0,Magical Object
Spec_242,Newton Scamander's suitcase,0,Magical Object
Spec_413,Aguamenti,0,Spell
Pred_Node_297,Severus Snape,1,Character
Pred_Spec_404,Quidditch match,1,Potion
Pred_Node_396,Angelina Johnson,1,Character
Node_397,Marcus Flint,0,Character
Node_396,Angelina Johnson,0,Character
Node_398,Alicia Spinet,0,Character
Node_399,Katie Bell,0,Character
Node_400,Adrian Pucey,0,Character
Node_402,Terence Higgs,0,Character
Spec_452,Incendio,0,Spell
Node_405,Nicolas Flamel,0,Character
Spec_226,Quill of Acceptance,0,Magical Object
Node_304,Arthur Weasley,0,Character
Node_441,Madame Pince,0,Character
Spec_310,Wizard's Checkers,0,Magical Object
Spec_146,Invisibility Cloak,0,Magical Object
Pred_Spec_37,Category:Chocolate Frog Cards,1,Magical Object
Pred_Node_721,James Potter,1,Character
Spec_308,Wizard Cracker,0,Magical Object
Spec_124,Grow-Your-Own-Warts kit,0,Magical Object
Spec_187,Mirror of Erised,0,Magical Object
Pred_Node_720,Lily Potter,1,Character
Spec_478,Scourgify,0,Spell
Node_406,Gellert Grindelwald,0,Character
Spec_456,Locomotor Mortis,0,Spell
Node_295,Cedric Diggory,0,Character
Pred_Spec_114,Golden Snitches,1,Magical Object
Node_24,Common Welsh Green,0,Creature
Node_25,Hebridean Black,0,Creature
Spec_404,Fluffy,0,Potion
Node_448,Aragog,0,Character
Pred_Spec_59,Dragon brazier,1,Magical Object
Node_27,Norwegian Ridgeback,0,Creature
Spec_407,Norbert,0,Potion
Node_407,Norberta,0,Character
Pred_Node_407,Norberta,1,Character
Node_408,Ronan,0,Character
Node_409,Bane,0,Character
Spec_50,Category:Dark Magic artefacts,0,Magical Object
Node_10,Centaur,0,Creature
Pred_Node_410,Firenze,1,Character
Node_410,Firenze,0,Character
Spec_344,Elixir of Life,0,Potion
Spec_361,Forgetfulness Potion,0,Potion
Node_411,The Giant Squid,0,Character
Pred_Node_306,Lord Voldemort,1,Character
Spec_466,Petrificus Totalus,0,Spell
Spec_247,Self-Playing Harp,0,Magical Object
Spec_28,Rancorous Carpe's trap,0,Magical Object
Spec_306,Winged Keys,0,Magical Object
Pred_Spec_306,Winged Keys,1,Magical Object
Spec_252,Category:Sentient objects,0,Magical Object
Spec_346,Emerald Potion,0,Potion
Node_414,Perenelle Flamel,0,Character
Node_415,Bertie Bott,0,Character
Spec_412,Accio,0,Spell
Spec_14,Bewitched tea set,0,Magical Object
Node_416,Dobby,0,Character
Pred_Spec_95,Floo powder,1,Magical Object
Node_419,Mrs Mason,0,Character
Node_546,Mafalda Hopkirk,0,Character
Node_310,Lucius Malfoy,0,Character
Node_352,Errol,0,Character
Node_351,Hermes,0,Character
Spec_420,Avis,0,Spell
Spec_462,Obliviate,0,Spell
Spec_303,Weasley Clock,0,Magical Object
Spec_251,Self-Spelling Quill,0,Magical Object
Spec_422,Gilderoy Lockhart's Guide to Household Pests,0,Spell
Node_422,Gilderoy Lockhart,0,Character
Pred_Node_126,Dwarf,1,Creature
Pred_Node_356,Fred Weasley,1,Character
Pred_Node_357,George Weasley,1,Character
Pred_Node_424,Mundungus Fletcher,1,Character
Spec_4,Anti-Cheating Quill,0,Magical Object
Spec_249,Self-Shuffling playing cards,0,Magical Object
Spec_144,Interdepartmental memos,0,Magical Object
Node_425,Mr Borgin,0,Character
Spec_55,Dictograph,0,Magical Object
Spec_359,Flesh-Eating Slug Repellent,0,Potion
Spec_117,Hermione Granger's beaded handbag,0,Magical Object
Node_426,Mr Granger,0,Character
Node_427,Mrs Granger,0,Character
Spec_12,Beautifying robes,0,Magical Object
Spec_71,Enchanted Fireworks,0,Magical Object
Pred_Node_426,Mr Granger,1,Character
Pred_Node_427,Mrs Granger,1,Character
Pred_Spec_145,Invisibility Booster,1,Magical Object
Spec_145,Invisibility Booster,0,Magical Object
Pred_Node_437,Godric Gryffindor,1,Character
Pred_Node_438,Rowena Ravenclaw,1,Character
Pred_Node_439,Helga Hufflepuff,1,Character
Pred_Node_440,Salazar Slytherin,1,Character
Pred_Node_301,Ginny Weasley,1,Character
Pred_Spec_118,Great Hall floating candles,1,Magical Object
Pred_Spec_136,Hogwarts House animal-topped hat,1,Magical Object
Pred_Spec_137,Hogwarts Pensieve,1,Magical Object
Spec_378,Mandrake Restorative Draught,0,Potion
Spec_34,Charmed leather gloves,0,Magical Object
Spec_244,Self-Correcting Ink,0,Magical Object
Node_429,Colin Creevey,0,Character
Spec_11,Beater's bat,0,Magical Object
Spec_437,Expelliarmus,0,Spell
Spec_432,Engorgio,0,Spell
Node_430,Gladys Gudgeon,0,Character
Node_431,Veronica Smethley,0,Character
Pred_Spec_224,Quidditch Score-Keeper,1,Magical Object
Spec_109,Ghost letter,0,Magical Object
Node_432,Sir Patrick Delaney-Podmore,0,Character
Spec_220,Category:Prank devices,0,Magical Object
Spec_108,Ghost band,0,Magical Object
Node_436,Moaning Myrtle,0,Character
Node_385,The Wailing Widow,0,Character
Node_68,Ghost horse,0,Creature
Node_75,Gytrash,0,Creature
Node_53,Squib,0,Creature
Spec_387,Mrs Scower's All-Purpose Magical Mess Remover,0,Potion
Node_438,Rowena Ravenclaw,0,Character
Spec_477,Riddikulus,0,Spell
Node_300,Luna Lovegood,0,Character
Spec_389,Pepperup Potion,0,Potion
Spec_3,Category:Amulets,0,Magical Object
Spec_85,Exploding Snap,0,Magical Object
Spec_485,Tarantallegra,0,Spell
Spec_441,Finite Incantatem,0,Spell
Spec_480,Serpensortia,0,Spell
Node_61,Parselmouth,0,Creature
Node_205,Badger,0,Creature
Node_443,Ernie Macmillan,0,Character
Pred_Spec_128,Rubeus Hagrid's moleskin overcoat,1,Magical Object
Pred_Node_104,Blood-Sucking Bugbear,1,Creature
Node_508,Aurora Sinistra,0,Character
Spec_116,Grand Staircase,0,Magical Object
Node_324,Fawkes,0,Character
Node_134,Hogwarts Express,0,Creature
Spec_245,Self-ironing robes,0,Magical Object
Pred_Node_355,Percy Weasley,1,Character
Spec_194,Muggle-Deterring Gate,0,Magical Object
Pred_Spec_148,Invisible Ink,1,Magical Object
Pred_Node_644,Tom Riddle,1,Character
Spec_416,Aparecium,0,Spell
Spec_236,Revealer,0,Magical Object
Spec_31,Riddle's special award,0,Magical Object
Node_126,Dwarf,0,Creature
Spec_373,Love Potion,0,Potion
Spec_469,Protean Charm,0,Spell
Node_644,Tom Riddle,0,Character
Spec_206,Pensieve,0,Magical Object
Node_444,Armando Dippet,0,Character
Spec_289,Time-Turner,0,Magical Object
Spec_248,Self-repairing robes,0,Magical Object
Spec_174,Magical megaphone,0,Magical Object
Node_445,Penelope Clearwater,0,Character
Spec_294,Two-way mirror,0,Magical Object
Node_446,Cornelius Fudge,0,Character
Pred_Node_10,Centaur,1,Creature
Pred_Node_201,Wood Nymph,1,Creature
Pred_Spec_146,Invisibility Cloak,1,Magical Object
Pred_Spec_85,Exploding Snap,1,Magical Object
Pred_Spec_457,Lumos,1,Spell
Node_449,Mosag,0,Character
Node_4,Basilisk,0,Creature
Spec_439,Fidelius Charm,0,Spell
Pred_Node_292,Ron Weasley,1,Character
Pred_Node_422,Gilderoy Lockhart,1,Character
Spec_61,Dumbledore's Army coin,0,Magical Object
Spec_457,Lumos,0,Spell
Pred_Node_448,Aragog,1,Character
Pred_Spec_484,Stupefy,1,Spell
Spec_122,Gellert Grindelwald's pendant,0,Magical Object
Spec_110,Giant's Helm,0,Magical Object
Spec_235,Resurrection Stone,0,Magical Object
Node_460,The Sorting Hat,0,Character
Spec_292,Triwizard Tournament objects,0,Magical Object
Spec_229,Quill,0,Magical Object
Spec_80,Everlasting Ink,0,Magical Object
Pred_Node_304,Arthur Weasley,1,Character
Spec_148,Invisible Ink,0,Magical Object
Node_457,Scabbers,0,Character
Node_302,Sirius Black,0,Character
Node_327,Marge Dursley,0,Character
Node_328,Ripper,0,Character
Spec_149,Jacob's sibling's Remembrall,0,Magical Object
Spec_155,Knight Bus,0,Magical Object
Node_450,Stan Shunpike,0,Character
Node_451,Ernest Prang,0,Character
Node_452,Madam Marsh,0,Character
Spec_79,Eternally spotless handkerchief,0,Magical Object
Node_52,Non-magic person,0,Creature
Node_80,Dementor,0,Creature
Pred_Node_342,Tom,1,Character
Pred_Node_302,Sirius Black,1,Character
Node_453,Florean Fortescue,0,Character
Spec_112,Gobstone,0,Magical Object
Spec_216,Potion station,0,Magical Object
Spec_45,Category:Crystal balls,0,Magical Object
Spec_281,Tarot cards,0,Magical Object
Node_542,Augusta Longbottom,0,Character
Pred_Spec_134,Hogwarts Express,1,Magical Object
Pred_Spec_217,Category:Potions,1,Magical Object
Pred_Spec_292,Category:Triwizard Tournament objects,1,Magical Object
Node_458,Crookshanks,0,Character
Spec_396,Potion No. 07,0,Potion
Spec_20,British Ministry of Magic fleet of cars,0,Magical Object
Node_303,Professor R. J. Lupin,0,Character
Spec_156,Lantern,0,Magical Object
Spec_338,Draught of Peace,0,Potion
Spec_434,Expecto patronum,0,Spell
Spec_68,Enchanted Ceiling,0,Magical Object
Node_377,Pansy Parkinson,0,Character
Pred_Spec_77,Enchanted Staircase,1,Magical Object
Pred_Spec_270,Staircases that led somewhere else on Friday,1,Magical Object
Pred_Spec_271,Staircases with vanishing steps,1,Magical Object
Pred_Spec_300,Walls pretending to be doors,1,Magical Object
Node_454,Sir Cadogan,0,Character
Node_455,Sybill Trelawney,0,Character
Pred_Node_378,Parvati Patil,1,Character
Pred_Node_367,Lavender Brown,1,Character
Pred_Node_299,Neville Longbottom,1,Character
Pred_Spec_45,Category:Crystal balls,1,Magical Object
Pred_Spec_204,Palmistry Model,1,Magical Object
Pred_Spec_36,Chinese Fortune Sticks,1,Magical Object
Pred_Spec_15,Bewitched teapot,1,Magical Object
Spec_288,Thunderbird calling box,0,Magical Object
Spec_151,The Grim,0,Magical Object
Pred_Node_151,Grim,1,Creature
Spec_285,Thestral-drawn carriage,0,Magical Object
Node_456,Buckbeak,0,Character
Pred_Node_456,Buckbeak,1,Character
Spec_142,Instant Warming Socks,0,Magical Object
Node_79,Boggart,0,Creature
Pred_Node_443,Ernie Macmillan,1,Character
Pred_Node_350,Scabbers,1,Character
Pred_Node_386,Fat Lady,1,Character
Pred_Spec_68,Enchanted Ceiling,1,Magical Object
Spec_454,Sir Cadogan,0,Spell
Pred_Node_393,Oliver Wood,1,Character
Pred_Node_303,Remus Lupin,1,Character
Pred_Node_291,Hermione Granger,1,Character
Pred_Node_369,Justin Finch-Fletchley,1,Character
Spec_81,Peeves the Poltergeist,0,Magical Object
Spec_26,Calamity Incident Map,0,Magical Object
Spec_461,Madam Rosmerta,0,Spell
Node_461,Madam Rosmerta,0,Character
Node_312,Mr Crabbe,0,Character
Spec_21,Category:Broomstick accessories,0,Magical Object
Spec_10,Beast Feeder,0,Magical Object
Node_1,Acromantula,0,Creature
Spec_204,Palmistry Model,0,Magical Object
Node_463,Septima Vector,0,Character
Spec_355,Felix Felicis,0,Potion
Node_296,Cho Chang,0,Character
Pred_Node_63,Troll,1,Creature
Pred_Spec_132,Hidden doors,1,Magical Object
Spec_115,Porpentina Goldstein's admonitor bracelet,0,Magical Object
Spec_228,R's notes,0,Magical Object
Pred_Spec_21,Category:Broomstick accessories,1,Magical Object
Node_401,Miles Bletchley,0,Character
Node_464,Cassius Warrington,0,Character
Node_466,Peregrine Derrick,0,Character
Node_467,Lucian Bole,0,Character
Spec_425,Confundo,0,Spell
Pred_Node_298,Rubeus Hagrid,1,Character
Node_468,Walden Macnair,0,Character
Pred_Node_250,Albino Rat,1,Creature
Pred_Node_468,Walden Macnair,1,Character
Pred_Spec_412,Accio,1,Spell
Pred_Spec_487,Wingardium Leviosa,1,Spell
Pred_Spec_206,Pensieve,1,Magical Object
Pred_Spec_187,Mirror of Erised,1,Magical Object
Spec_54,Animagus,0,Magical Object
Node_67,Werewolf,0,Creature
Node_54,Animagus,0,Creature
Spec_438,Ferula,0,Spell
Spec_435,Mobilicorpus,0,Spell
Spec_27,Caractacus the Candy-Conjurer,0,Magical Object
Pred_Node_68,Ghost horse,1,Creature
Pred_Node_258,Scottish stag,1,Creature
Spec_64,Albus Dumbledore's silver instruments,0,Magical Object
Node_540,Frank Longbottom,0,Character
Node_471,Bertha Jorkins,0,Character
Pred_Spec_39,Cloak of Invisibility,1,Magical Object
Node_353,Pigwidgeon,0,Character
Pred_Spec_20,British Ministry of Magic fleet of cars,1,Magical Object
Spec_353,Pigwidgeon,0,Potion
Spec_458,Crookshanks,0,Spell
Pred_Node_64,Underbeing,1,Creature
Spec_424,Capacious Extremis,0,Spell
Node_472,Barty Crouch,0,Character
Node_475,Ludo Bagman,0,Character
Node_490,Victor Krum,0,Character
Pred_Node_359,Bill Weasley,1,Character
Pred_Node_360,Charlie Weasley,1,Character
Spec_417,Apparate,0,Spell
Node_476,Amos Diggory,0,Character
Node_478,Mr Roberts,0,Character
Pred_Node_52,Non-magic person,1,Creature
Spec_35,Charmed Wizarding Tent,0,Magical Object
Node_480,Kevin,0,Character
Pred_Node_480,Kevin's mother,1,Character
Node_371,Mrs Finnigan,0,Character
Pred_Node_340,Newt Scamander,1,Character
Node_484,Cuthbert Mockridge,0,Character
Node_485,Gilbert Wimple,0,Character
Node_486,Arnold Peasegood,0,Character
Node_487,Broderick Bode,0,Character
Node_488,Saul Croaker,0,Character
Node_489,Ali Bashir,0,Character
Spec_201,Omnioculars,0,Magical Object
Spec_255,Shamrock hat,0,Magical Object
Pred_Node_415,Bertie Bott,1,Character
Node_491,Winky,0,Character
Node_492,Narcissa Malfoy,0,Character
Node_447,Oblansk,0,Character
Spec_482,Sonorus,0,Spell
Node_66,Veela,0,Creature
Node_499,Connolly,0,Character
Node_500,Barry Ryan,0,Character
Node_501,Troy,0,Character
Node_502,Mullet,0,Character
Node_503,Moran,0,Character
Node_504,Quigley,0,Character
Node_505,Aidan Lynch,0,Character
Node_506,Hassan Mostafa,0,Character
Node_496,Alexei Levski,0,Character
Node_493,Vasily Dimitrov,0,Character
Node_494,Clara Ivanova,0,Character
Node_498,Ivan Volkov,0,Character
Node_157,Imperial Dragonfly,0,Creature
Node_495,Lev Zograf,0,Character
Node_497,Pyotr Vulchanov,0,Character
Pred_Spec_201,Omnioculars,1,Magical Object
Pred_Spec_419,Avada Kedavra,1,Spell
Spec_473,Renneverate,0,Spell
Spec_475,Reparo,0,Spell
Pred_Node_416,Dobby,1,Character
Spec_431,Disapparate,0,Spell
Node_482,Basil,0,Character
Node_528,Rita Skeeter,0,Character
Node_520,Alastor Moody,0,Character
Pred_Spec_65,Durmstrang Ship,1,Magical Object
Node_507,Dennis Creevey,0,Character
Node_379,Padma Patil,0,Character
Node_509,Stewart Ackerley,0,Character
Node_510,Malcolm Baddock,0,Character
Node_511,Eleanor Branstone,0,Character
Node_512,Owen Cauldwell,0,Character
Node_513,Emma Dobbs,0,Character
Node_515,Natalie McDonald,0,Character
Spec_125,Gryffindor girls' staircase,0,Magical Object
Spec_269,Staircase between the ground-floor and second-floor corridor,0,Magical Object
Spec_270,Staircases that led somewhere else on Friday,0,Magical Object
Spec_271,Staircases with vanishing steps,0,Magical Object
Spec_386,Fat Lady,0,Potion
Spec_138,Hogwarts school loudspeakers,0,Magical Object
Spec_334,Bundimun Secretion,0,Potion
Node_519,Eloise Midgen,0,Character
Node_6,Blast-Ended Skrewt,0,Creature
Spec_190,Alastor Moody's magical eye,0,Magical Object
Pred_Spec_190,Alastor Moody's magical eye,1,Magical Object
Spec_450,Imperio,0,Spell
Node_273,Black widow,0,Creature
Spec_428,Crucio,0,Spell
Spec_471,Reducio,0,Spell
Pred_Node_353,Pigwidgeon,1,Character
Node_521,Madame Maxime,0,Character
Spec_65,Durmstrang Ship,0,Magical Object
Node_522,Igor Karkaroff,0,Character
Pred_Node_66,Veela,1,Creature
Node_523,Poliakoff,0,Character
Spec_6,Blast-Ended Skrewt,0,Magical Object
Node_526,Fleur Delacour,0,Character
Spec_423,Basilisk egg,0,Spell
Node_543,Violet,0,Character
Pred_Spec_223,Quick-Quotes Quill,1,Magical Object
Pred_Spec_234,Remembrall,1,Magical Object
Spec_442,Furnunculus Curse,0,Spell
Spec_427,Crinus Muto,0,Spell
Node_50,Part-Veela,0,Creature
Node_26,Hungarian Horntail,0,Creature
Node_31,Swedish Short-Snout,0,Creature
Node_23,Chinese Fireball,0,Creature
Pred_Node_354,Molly Weasley,1,Character
Spec_429,Diffindo,0,Spell
Spec_189,Moody's Trunk,0,Magical Object
Spec_243,Scrying mirror,0,Magical Object
Pred_Spec_64,Albus Dumbledore's silver instruments,1,Magical Object
Spec_484,Stupefy,0,Spell
Node_70,Banshee,0,Creature
Spec_132,Hidden doors,0,Magical Object
Node_462,Dean,0,Character
Spec_119,Victor Gridley's caravan,0,Magical Object
Pred_Spec_116,Grand Staircase,1,Magical Object
Pred_Node_296,Cho Chang,1,Character
Spec_43,Cribbage's Wizarding Crackers,0,Magical Object
Node_606,Roger Davies,0,Character
Pred_Spec_71,Enchanted Fireworks,1,Magical Object
Pred_Node_490,Victor Krum,1,Character
Node_524,Fawcett,0,Character
Node_529,Stebbins,0,Character
Pred_Node_588,Fridwulfa,1,Character
Node_45,Part-giant,0,Creature
Node_39,Fairy,0,Creature
Node_41,Giant,0,Creature
Pred_Node_543,Violet,1,Character
Node_530,Wilhelmina Grubbly-Plank,0,Character
Pred_Spec_285,Thestral-drawn carriage,1,Magical Object
Node_588,Fridwulfa,0,Character
Node_531,Bozo,0,Character
Node_571,Aberforth Dumbledore,0,Character
Spec_266,Spellbook vault key,0,Magical Object
Spec_230,Rainbow Bath Taps,0,Magical Object
Spec_164,Luminous pumpkin,0,Magical Object
Pred_Node_718,The Grey Lady,1,Character
Pred_Node_411,The Giant Squid,1,Character
Pred_Node_295,Cedric Diggory,1,Character
Spec_103,Foundable tracker clock,0,Magical Object
Spec_191,Alastor Moody's walking stick,0,Magical Object
Node_473,Barty Crouch Junior,0,Character
Spec_401,Potion of Invisibility,0,Potion
Node_683,Gabrielle Delacour,0,Character
Spec_408,Veritaserum,0,Potion
Spec_320,Armadillo Bile Mixture,0,Potion
Spec_390,Pepperup Potion,0,Potion
Spec_30,The Cave boat,0,Magical Object
Pred_Node_80,Dementor,1,Creature
Node_474,Mrs Crouch,0,Character
Spec_307,Wireless,0,Magical Object
Spec_8,Baby Niffler Cage,0,Magical Object
Pred_Spec_24,Bug Blasting Pellets,1,Magical Object
Pred_Node_528,Rita Skeeter,1,Character
Pred_Spec_157,Leprechaun gold,1,Magical Object
Pred_Spec_61,Dumbledore's Army coin,1,Magical Object
Spec_448,Impedimenta,0,Spell
Spec_273,Statue of an old wizard,0,Magical Object
Spec_311,Wizengamot Accusation Chair,0,Magical Object
Node_535,Antonin Dolohov,0,Character
Node_532,Evan Rosier,0,Character
Node_536,Travers,0,Character
Node_537,Marlene McKinnon,0,Character
Node_538,Mulciber,0,Character
Node_539,Augustus Rookwood,0,Character
Node_533,Wilkes,0,Character
Node_541,Alice Longbottom,0,Character
Node_305,Bellatrix Lestrange,0,Character
Node_561,Rodolphus Lestrange,0,Character
Node_562,Rabastan Lestrange,0,Character
Node_469,Franc Bryce,0,Character
Spec_470,Protego,0,Spell
Spec_467,Periculum,0,Spell
Node_11,Chimaera,0,Creature
Node_201,Wood Nymph,0,Creature
Node_274,Brown Recluse,0,Creature
Node_275,Funnelweb spider,0,Creature
Node_276,Redback spider,0,Creature
Node_277,Tarantula,0,Creature
Node_278,Whitetail Spider,0,Creature
Pred_Spec_215,Category:Portkeys,1,Magical Object
Node_534,Avery,0,Character
Node_375,Theodore Nott,0,Character
Spec_339,Dreamless Sleep Potion,0,Potion
Node_424,Mundungus Fletcher,0,Character
Node_477,Mrs Diggory,0,Character
Pred_Spec_355,Felix Felicis,1,Potion
Pred_Spec_437,Expelliarmus,1,Spell
Pred_Node_317,Vernon Dursley,1,Character
Pred_Spec_349,Hedwig,1,Potion
Pred_Node_220,Barn owl,1,Creature
Pred_Spec_289,Time-Turner,1,Magical Object
Node_547,Nymphadora Tonks,0,Character
Node_308,Kingsley Shacklebolt,0,Character
Node_548,Elphias Doge,0,Character
Node_616,Emmeline Vance,0,Character
Node_550,Sturgis Podmore,0,Character
Node_551,Hestia Jones,0,Character
Spec_198,New Look Mirror,0,Magical Object
Node_58,Metamorphmagus,0,Creature
Spec_430,Disillusionment Charm,0,Spell
Pred_Node_458,Crookshanks,1,Character
Pred_Node_417,Kreacher,1,Character
Node_417,Kreacher,0,Character
Pred_Spec_475,Reparo,1,Spell
Pred_Spec_436,Evanesco,1,Spell
Pred_Spec_452,Incendio,1,Spell
Spec_123,Gellert Grindelwald's skull-hookah,0,Magical Object
Node_552,Ragnok,0,Character
Node_558,Mrs Black,0,Character
Node_20,Doxy,0,Creature
Pred_Spec_158,Lestrange family tree box,1,Magical Object
Node_553,Alphard Black,0,Character
Node_554,Regulus Black,0,Character
Node_555,Phineas Nigelus Black,0,Character
Node_556,Araminta Meliflua Black,0,Character
Node_557,Elladora Black,0,Character
Node_559,Andromeda Tonks,0,Character
Node_560,Ted Tonks,0,Character
Node_567,Amelia Bones,0,Character
Spec_78,Enchanted window,0,Magical Object
Pred_Node_487,Broderick Bode,1,Character
Spec_186,Ministry of Magic tannoy,0,Magical Object
Node_309,Dolores Umbridge,0,Character
Pred_Node_53,Squib,1,Creature
Pred_Spec_117,Hermione Granger's beaded handbag,1,Magical Object
Pred_Spec_245,Self-ironing robes,1,Magical Object
Spec_182,Metamorph Medal,0,Magical Object
Spec_185,Ministry of Magic Landmark Flag,0,Magical Object
Node_565,Bengie Fenwick,0,Character
Node_566,Edgar Bones,0,Character
Node_568,Caradoc Dearborn,0,Character
Node_569,Gideon Prewett,0,Character
Node_570,Fabian Prewett,0,Character
Node_572,Dorcas Meadowes,0,Character
Node_575,Doris Purkiss,0,Character
Node_576,Euan Abercrombie,0,Character
Pred_Node_371,Mrs Finnigan,1,Character
Node_118,Dark Mongrel,0,Creature
Spec_246,Self-Knitting Needles,0,Magical Object
Node_7,Bowtruckle,0,Creature
Node_84,Blibbering Humdinger,0,Creature
Node_86,Crumple-Horned Snorkack,0,Creature
Spec_436,Evanesco,0,Spell
Spec_382,Memory Potion,0,Potion
Spec_106,Frolicsome Feline plates,0,Magical Object
Spec_56,Disappearing Ink,0,Magical Object
Node_580,Vicky Frobisher,0,Character
Node_581,Geoffrey Hooper,0,Character
Pred_Spec_144,Interdepartmental memos,1,Magical Object
Node_563,Eric Munch,0,Character
Node_608,Griselda Marchbanks,0,Character
Node_612,Tiberius Ogden,0,Character
Spec_388,Murtlap Essence,0,Potion
Node_423,The Basilisk,0,Character
Spec_99,Category:Flying carpets,0,Magical Object
Pred_Spec_298,Veil,1,Magical Object
Pred_Spec_390,Pepperup Potion,1,Potion
Node_574,Anthony Goldstein,0,Character
Node_583,Michael Corner,0,Character
Node_584,Zacharias Smith,0,Character
Node_21,Antipodean Opaleye,0,Creature
Node_90,Heliopath,0,Creature
Node_601,Marietta Edgecombe,0,Character
Pred_Node_300,Luna Lovegood,1,Character
Pred_Spec_481,Silencio,1,Spell
Spec_481,Silencio,0,Spell
Pred_Spec_375,citation needed,1,Potion
Spec_451,Impervius,0,Spell
Node_585,Barnabas the Barmy,0,Character
Spec_162,Luna Lovegood's eagle hat,0,Magical Object
Spec_335,Burn-Healing Paste,0,Potion
Pred_Node_305,Bellatrix Lestrange,1,Character
Pred_Node_41,Giant,1,Creature
Node_586,Karkus,0,Character
Pred_Spec_111,Category:Goblin-made objects,1,Magical Object
Node_587,Golgomath,0,Character
Spec_426,Conjunctivitis Curse,0,Spell
Pred_Node_530,Wilhelmina Grubbly-Plank,1,Character
Pred_Node_11,Chimaera,1,Creature
Pred_Node_7,Bowtruckle,1,Creature
Node_93,Nargle,0,Creature
Node_589,Andrew Kirke,0,Character
Node_590,Jack Sloper,0,Character
Pred_Spec_283,Category:Telescopes,1,Magical Object
Node_591,Everard,0,Character
Node_592,Dilys Derwent,0,Character
Spec_395,Potion N. 220,0,Potion
Pred_Node_592,Dilys Derwent,1,Character
Node_593,Hippocrates Smethwyck,0,Character
Node_594,Augustus Pye,0,Character
Node_595,Urquhart Rackharrow,0,Character
Spec_479,Sectumsempra,0,Spell
Spec_329,Blood-Replenishing Potion,0,Potion
Node_596,Willy Widdershins,0,Character
Pred_Spec_54,Detachable Cribbing Cuff,1,Magical Object
Pred_Node_594,Augustus Pye,1,Character
Pred_Node_283,Natterjack Toad,1,Creature
Pred_Spec_251,Self-Spelling Quill,1,Magical Object
Node_598,Miriam Strout,0,Character
Node_599,Madam Puddifoot,0,Character
Pred_Node_606,Roger Davies,1,Character
Spec_274,Statute of Secrecy Task Force Public Notice,0,Magical Object
Pred_Spec_336,Burning Bitterroot Balm,1,Potion
Pred_Node_309,Dolores Umbridge,1,Character
Node_602,Madam Edgecombe,0,Character
Node_603,John Dawlish,0,Character
Spec_259,Slughorn's Hourglass,0,Magical Object
Spec_367,Healing Potion,0,Potion
Spec_60,Occlumens,0,Magical Object
Node_213,Eagle,0,Creature
Pred_Spec_191,Alastor Moody's walking stick,1,Magical Object
Node_607,Grawp,0,Character
Pred_Spec_38,Clankers,1,Magical Object
Spec_411,Aberto,0,Spell
Node_610,Daphne Greengrass,0,Character
Node_611,Tofty,0,Character
Spec_449,Incarcerous,0,Spell
Node_285,Tropical bird,0,Creature
Node_83,Aquavirius Maggot,0,Creature
Spec_298,Veil,0,Magical Object
Spec_13,Bell Jar of Time,0,Magical Object
Node_604,Williamson,0,Character
Node_686,Xenophilius Lovegood,0,Character
Spec_86,Exploding Tuba,0,Magical Object
Pred_Spec_229,R's quills,1,Magical Object
Pred_Node_687,Pandora Lovegood,1,Character
Spec_264,Spectrespecs,0,Magical Object
Node_618,The British Prime Minister,0,Character
Pred_Node_21,Antipodean Opaleye,1,Creature
Pred_Node_22,Catalonian Fireball,1,Creature
Pred_Node_23,Chinese Fireball,1,Creature
Pred_Node_149,Gorgon,1,Creature
Pred_Node_617,Herbert Chorley,1,Character
Pred_Spec_367,Healing Potion,1,Potion
Node_620,Rufus Scrimgeour,0,Character
Node_617,Herbert Chorley,0,Character
Pred_Node_215,Fox,1,Creature
Pred_Node_492,Narcissa Malfoy,1,Character
Pred_Node_344,Quirinus Quirrel,1,Character
Spec_486,Unbreakable Vow,0,Spell
Node_158,Inferius,0,Creature
Pred_Spec_439,Fidelius Charm,1,Spell
Node_56,Legilimens,0,Creature
Node_60,Occlumens,0,Creature
Spec_158,Inferius,0,Magical Object
Pred_Spec_470,Protego,1,Spell
Node_307,Horace Slughorn,0,Character
Pred_Spec_414,Alohomora,1,Spell
Pred_Spec_122,Gellert Grindelwald's pendant,1,Magical Object
Node_623,Dirk Cresswell,0,Character
Node_624,Barnabas Cuffe,0,Character
Node_625,Ambrosius Flume,0,Character
Node_626,Gwenog Jones,0,Character
Spec_394,Pompion Potion,0,Potion
Pred_Node_547,Nymphadora Tonks,1,Character
Pred_Node_526,Fleur Delacour,1,Character
Pred_Node_436,Moaning Myrtle,1,Character
Spec_453,Langlock,0,Spell
Spec_224,Quidditch Score-Keeper,0,Magical Object
Spec_331,Bruise removal paste,0,Potion
Spec_141,Instant Darkness Powder,0,Magical Object
Spec_221,Category:Protective objects,0,Magical Object
Node_628,Verity,0,Character
Spec_402,Ten-Second Pimple Vanisher,0,Potion
Pred_Spec_50,Category:Dark Magic artefacts,1,Magical Object
Pred_Node_622,Fenrir Greyback,1,Character
Pred_Node_310,Lucius Malfoy,1,Character
Node_629,Arnold,0,Character
Node_630,Romilda Vane,0,Character
Node_203,Wrackspurt,0,Creature
Node_631,Cormac McLaggen,0,Character
Node_632,Marcus Belby,0,Character
Spec_433,Episkey,0,Spell
Pred_Node_325,Madam Pomfrey,1,Character
Pred_Node_636,Proudfoot,1,Character
Pred_Node_637,Savage,1,Character
Pred_Node_603,John Dawlish,1,Character
Spec_314,Amortentia,0,Potion
Node_639,Bob Ogden,0,Character
Node_545,Ogg,0,Character
Node_640,Morfin Gaunt,0,Character
Node_641,Marvolo Gaunt,0,Character
Node_642,Merope Gaunt,0,Character
Node_643,Cecilia,0,Character
Node_645,Demelza Robins,0,Character
Node_646,Jimmy Peakes,0,Character
Node_647,Ritchie Coote,0,Character
Pred_Node_51,Yumbo,1,Creature
Spec_455,Levicorpus,0,Spell
Node_649,Leanne,0,Character
Pred_Node_607,Grawp,1,Character
Node_650,Caractacus Burke,0,Character
Node_654,Mrs Cole,0,Character
Node_651,Billy Stubbs,0,Character
Node_655,Eric Whalley,0,Character
Node_652,Amy Benson,0,Character
Node_653,Dennis Bishop,0,Character
Node_340,Newt Scamander,0,Character
Node_658,Urquhart,0,Character
Node_656,Vaisey,0,Character
Pred_Node_656,Vaisey,1,Character
Spec_350,Everlasting Elixirs,0,Potion
Spec_374,Love Potion Antidote,0,Potion
Spec_253,Serpent (instrument),0,Magical Object
Spec_91,Fire Faerie,0,Magical Object
Node_659,Eldred Worple,0,Character
Node_660,Sanguini,0,Character
Pred_Spec_84,Exploding pumpkin,1,Magical Object
Node_622,Fenrir Greyback,0,Character
Spec_421,Bat,0,Spell
Spec_391,Poison Antidote,0,Potion
Node_663,Wilkie Twycross,0,Character
Pred_Node_647,Ritchie Coote,1,Character
Pred_Node_646,Jimmy Peakes,1,Character
Pred_Node_631,Cormac McLaggen,1,Character
Pred_Node_222,Quaffle,1,Creature
Pred_Node_114,Golden Snitches,1,Creature
Pred_Node_392,Madam Hooch,1,Character
Node_89,Gulping Plimpy,0,Creature
Node_667,Hokey,0,Character
Node_665,Galatea Merrythought,0,Character
Node_666,Hepzibah Smith,0,Character
Spec_46,Crystal casket,0,Magical Object
Spec_345,Elixir to Induce Euphoria,0,Potion
Pred_Node_307,Horace Slughorn,1,Character
Node_263,Black Mamba,0,Creature
Node_265,Boa constrictor,0,Creature
Spec_474,Reparifors,0,Spell
Node_670,Eileen Prince,0,Character
Pred_Spec_242,Newton Scamander's suitcase,1,Magical Object
Pred_Node_423,The Basilisk,1,Character
Node_161,Kraken,0,Creature
Node_180,Sasabonsam,0,Creature
Node_186,Wildflower sprite,0,Creature
Spec_340,Drink of Despair,0,Potion
Node_671,Amycus Carrow,0,Character
Node_672,Alecto Carrow,0,Character
Node_690,Thorfinn Rowle,0,Character
Node_673,Gibbon,0,Character
Node_688,Muriel,0,Character
Node_674,Tobias Snape,0,Character
Node_621,Corban Yaxley,0,Character
Node_675,Pius Thicknesse,0,Character
Node_677,Charity Burbage,0,Character
Node_145,Gigantic serpent,0,Creature
Node_678,Percival Dumbledore,0,Character
Node_679,Kendra Dumbledore,0,Character
Node_335,Bathilda Bagshot,0,Character
Node_336,Adalbert Waffling,0,Character
Node_680,Ariana Dumbledore,0,Character
Node_681,Betty Braithwaite,0,Character
Node_700,Ivor Dillonsby,0,Character
Pred_Node_81,Poltergeist,1,Creature
Pred_Node_683,Gabrielle Delacour,1,Character
Pred_Spec_235,Resurrection Stone,1,Magical Object
Spec_210,Phoenix flint,0,Magical Object
Spec_211,Photograph of Lily and Severus,0,Magical Object
Node_682,Apolline Delacour,0,Character
Node_684,Monsieur Delacour,0,Character
Pred_Node_527,Gregorovitch,1,Character
Node_685,Dragomir Gorgovitch,0,Character
Spec_188,Mokeskin pouch,0,Magical Object
Spec_459,Mucus Ad Nauseam,0,Spell
Pred_Node_50,Part-Veela,1,Creature
Node_420,Perkins,0,Character
Pred_Node_39,Fairy,1,Creature
Node_689,Bilius,0,Character
Node_527,Gregorovic,0,Character
Spec_445,Homenum Revelio,0,Spell
Node_715,Ted Lupin,0,Character
Spec_69,Enchanted coin,0,Magical Object
Node_691,Reg Cattermole,0,Character
Node_694,Mary Cattermole,0,Character
Pred_Node_676,Wakanda,1,Character
Pred_Node_621,Corban Yaxley,1,Character
Pred_Node_623,Dirk Cresswell,1,Character
Spec_263,Category:Speaking objects,0,Magical Object
Spec_443,Geminio,0,Spell
Node_692,Albert Runcorn,0,Character
Spec_207,Perkins's tent,0,Magical Object
Node_698,Gornuk,0,Character
Spec_463,Obscuro,0,Spell
Node_699,Bowman Wright,0,Character
Node_711,Ignotus Peverell,0,Character
Spec_472,Reducio,0,Spell
Spec_304,Ronald Weasley's wireless radio,0,Magical Object
Node_38,Erumpent,0,Creature
Spec_121,Gellert Grindelwald's Deathly Hallows necklace,0,Magical Object
Node_702,Egbert the Egregious,0,Character
Node_703,Godelot,0,Character
Node_704,Hereward,0,Character
Node_705,Loxias,0,Character
Node_706,Barnabas Deverill,0,Character
Node_707,Arcus,0,Character
Node_708,Livius,0,Character
Node_709,Antioch Peverell,0,Character
Node_710,Cadmus Peverell,0,Character
Pred_Node_86,Crumple-Horned Snorkack,1,Creature
Spec_38,Erumpent Potion,0,Magical Object
Node_712,Selwyn,0,Character
Node_713,Scabior,0,Character
Pred_Node_248,Albino peacock,1,Creature
Spec_254,Percival Shacklehorn's tent,0,Magical Object
Node_525,Fleur Delacour,0,Character
Pred_Node_348,Garrick Ollivander,1,Character
Spec_178,Map to Forgotten Grounds,0,Magical Object
Pred_Node_688,Muriel,1,Character
Pred_Node_715,Ted Lupin,1,Character
Pred_Node_686,Xenophilius Lovegood,1,Character
Spec_17,Sirius Black's penknife,0,Magical Object
Node_717,Bogrod,0,Character
Node_32,Ukrainian Ironbelly,0,Creature
Spec_440,Fiendfyre Curse,0,Spell
Pred_Node_26,Hungarian Horntail,1,Creature
Pred_Spec_388,Murtlap Essence,1,Potion
Node_33,Water dragon,0,Creature
Node_64,Underbeing,0,Creature
Pred_Node_680,Ariana Dumbledore,1,Character
Pred_Node_370,Seamus Finnigan,1,Character
Node_718,The Grey Lady,0,Character
Spec_468,Piertotum Locomotor,0,Spell
Pred_Node_142,Giant Black Spider,1,Creature
Pred_Node_539,Augustus Rookwood,1,Character
Spec_444,Glisseo,0,Spell
Node_142,Giant Black Spider,0,Creature
Spec_403,Thick golden potion,0,Potion
Pred_Node_403,Fang,1,Character
Pred_Node_158,Inferius,1,Creature
Pred_Spec_428,Crucio,1,Spell
Node_615,Magorian,0,Character
Node_722,Albus Severus Potter,0,Character
Node_725,Scorpius Malfoy,0,Character
Node_723,Rose Weasley,0,Character
Node_726,Victoire Weasley,0,Character
Node_724,Hugo Weasley,0,Character
Node_719,Lily,0,Character
